{"cameraMode":{"drawMode":0,"name":"Shaded","section":"Shading Mode"},"sceneLighting":false,"audioPlay":false,"sceneViewState":{"showFog":true,"showMaterialUpdate":false,"showSkybox":false,"showFlares":true,"showImageEffects":true,"showParticleSystems":true},"in2DMode":false,"pivot":{"x":0.0,"y":1.4900000095367432,"z":1.5199999809265137},"rotation":{"x":-0.30243709683418276,"y":0.24425670504570008,"z":-0.08048591762781143,"w":-0.9178271293640137},"size":1.1431536674499512,"orthographic":false}