{"cameraMode":{"drawMode":2,"name":"Shaded Wireframe","section":"Shading Mode"},"sceneLighting":false,"audioPlay":false,"sceneViewState":{"showFog":true,"showMaterialUpdate":false,"showSkybox":false,"showFlares":true,"showImageEffects":true,"showParticleSystems":true},"in2DMode":false,"pivot":{"x":0.000050008296966552734,"y":1.488800048828125,"z":1.5579999685287476},"rotation":{"x":0.029350167140364648,"y":0.9532459378242493,"z":-0.09843496978282929,"w":0.28424978256225588},"size":0.6125673055648804,"orthographic":false}