{"cameraMode":{"drawMode":2,"name":"Shaded Wireframe","section":"Shading Mode"},"sceneLighting":false,"audioPlay":false,"sceneViewState":{"showFog":true,"showMaterialUpdate":false,"showSkybox":true,"showFlares":true,"showImageEffects":true,"showParticleSystems":true},"in2DMode":false,"pivot":{"x":-15.788433074951172,"y":0.4492192268371582,"z":2.374065399169922},"rotation":{"x":0.3444064259529114,"y":0.15004472434520722,"z":-0.05594349652528763,"w":0.9251229166984558},"size":27.748361587524415,"orthographic":false}