{"cameraMode":{"drawMode":0,"name":"Shaded","section":"Shading Mode"},"sceneLighting":false,"audioPlay":false,"sceneViewState":{"showFog":true,"showMaterialUpdate":false,"showSkybox":false,"showFlares":true,"showImageEffects":true,"showParticleSystems":true},"in2DMode":false,"pivot":{"x":0.5602207183837891,"y":1.2964577674865723,"z":-18.749425888061525},"rotation":{"x":0.1423279047012329,"y":-0.8365842700004578,"z":0.25769299268722536,"w":0.4620441198348999},"size":7.974524974822998,"orthographic":false}