{"cameraMode":{"drawMode":0,"name":"Shaded","section":"Shading Mode"},"sceneLighting":true,"audioPlay":false,"sceneViewState":{"showFog":true,"showMaterialUpdate":false,"showSkybox":true,"showFlares":true,"showImageEffects":true,"showParticleSystems":true},"in2DMode":false,"pivot":{"x":12.10171890258789,"y":2.4843263626098635,"z":-3.4699907302856447},"rotation":{"x":0.5591549873352051,"y":-0.07041937112808228,"z":0.04776109382510185,"w":0.824712872505188},"size":14.289420127868653,"orthographic":false}