{"cameraMode":{"drawMode":2,"name":"Shaded Wireframe","section":"Shading Mode"},"sceneLighting":false,"audioPlay":false,"sceneViewState":{"showFog":true,"showMaterialUpdate":false,"showSkybox":false,"showFlares":true,"showImageEffects":true,"showParticleSystems":true},"in2DMode":false,"pivot":{"x":64.02625274658203,"y":3.158745288848877,"z":8.835053443908692},"rotation":{"x":0.052074261009693149,"y":0.8690426349639893,"z":-0.0936945378780365,"w":0.4830264747142792},"size":4.439264297485352,"orthographic":false}