{"cameraMode":{"drawMode":0,"name":"Shaded","section":"Shading Mode"},"sceneLighting":false,"audioPlay":false,"sceneViewState":{"showFog":true,"showMaterialUpdate":false,"showSkybox":false,"showFlares":true,"showImageEffects":true,"showParticleSystems":true},"in2DMode":false,"pivot":{"x":-4.615505695343018,"y":-0.5593375563621521,"z":0.010744720697402954},"rotation":{"x":-0.05086817592382431,"y":0.9191828966140747,"z":-0.1265425980091095,"w":-0.36947956681251528},"size":0.548247218132019,"orthographic":false}