{"cameraMode":{"drawMode":2,"name":"Shaded Wireframe","section":"Shading Mode"},"sceneLighting":false,"audioPlay":false,"sceneViewState":{"showFog":true,"showMaterialUpdate":false,"showSkybox":false,"showFlares":true,"showImageEffects":true,"showParticleSystems":true},"in2DMode":false,"pivot":{"x":0.0030666589736938478,"y":1.2076239585876465,"z":-0.017828911542892457},"rotation":{"x":0.4794912338256836,"y":0.4815937876701355,"z":-0.3618733286857605,"w":0.6381317973136902},"size":5.824385166168213,"orthographic":false}